Model,Storage,Max buy price,Min battery,Notes
iPhone 11,64GB,150,,SAMPLE - paper mode only - not your prices
iPhone 11,128GB,170,,SAMPLE
iPhone 11 Pro,64GB,180,,SAMPLE
iPhone 11 Pro,256GB,210,,SAMPLE
iPhone 12,64GB,190,,SAMPLE
iPhone 12,128GB,215,,SAMPLE
iPhone 12 Pro,128GB,260,,SAMPLE
iPhone 12 Pro,256GB,290,,SAMPLE
iPhone 13,128GB,250,,SAMPLE
iPhone 13,256GB,285,,SAMPLE
iPhone 13 mini,128GB,220,,SAMPLE
iPhone 13 Pro,128GB,340,,SAMPLE
iPhone 13 Pro,256GB,375,,SAMPLE
iPhone 13 Pro Max,128GB,400,,SAMPLE
iPhone 14,128GB,330,,SAMPLE
iPhone 14,256GB,365,,SAMPLE
iPhone 14 Pro,128GB,450,,SAMPLE
iPhone 14 Pro,256GB,490,,SAMPLE
iPhone 14 Pro Max,256GB,560,,SAMPLE
iPhone 15,128GB,450,,SAMPLE
iPhone 15 Pro,128GB,600,,SAMPLE
iPhone 15 Pro,256GB,650,,SAMPLE
